{"cameraMode":{"drawMode":0,"name":"Shaded","section":"Shading Mode"},"sceneLighting":false,"audioPlay":false,"sceneViewState":{"showFog":true,"showMaterialUpdate":false,"showSkybox":true,"showFlares":true,"showImageEffects":true,"showParticleSystems":true},"in2DMode":false,"pivot":{"x":4477.46435546875,"y":-187.96664428710938,"z":-1851.52783203125},"rotation":{"x":-0.4926677644252777,"y":-0.11831938475370407,"z":0.06782424449920654,"w":-0.8594642877578735},"size":3525.829833984375,"orthographic":false}